"Qty";"Value";"Device";"Package";"Parts";"Description";"MF";"MPN";"OC_FARNELL";"OC_NEWARK";"PROD_ID";"VALUE";
"2";"";"JP1E";"JP1";"IN, OUT";"JUMPER";"";"";"";"";"";"";
"1";"";"JP4E";"JP4";"JP3";"JUMPER";"";"";"";"";"";"";
"4";"";"JUMPER-PAD-2-NC_BY_TRACE";"PAD-JUMPER-2-NC_BY_TRACE_YES_SILK";"SJ2, SJ4, SJ5, SJ6";"";"";"";"";"";"";"";
"1";"";"M02PTH";"1X02";"JP2";"Standard 2-pin 0.1" header. Use with";"";"";"";"";"";"";
"1";"";"M05PTH";"1X05";"WGT";"Header 5";"";"";"";"";"";"";
"1";"";"PINHD-1X1";"1X01";"3V3";"PIN HEADER";"";"";"";"";"";"";
"2";"";"SJ";"SJ";"SJ1, SJ3";"SMD solder JUMPER";"";"";"";"";"";"";
"1";"";"SMACONNECTOR_EDGE";"SMA_EDGELAUNCH";"868MHZ";"SMA Connector";"";"";"";"";"";"";
"2";"0.2R 1W";"R-EU_R2010";"R2010";"R26, R38";"RESISTOR, European symbol";"";"";"";"";"";"";
"2";"100";"R-EU_M0805";"M0805";"RL1, RL2";"RESISTOR, European symbol";"";"";"";"";"";"";
"1";"100";"R-EU_R0805";"R0805";"R4";"RESISTOR, European symbol";"";"";"";"";"";"";
"1";"100k";"R-EU_R0805";"R0805";"100K";"RESISTOR, European symbol";"";"";"";"";"";"";
"13";"100n";"C-EUC0805";"C0805";"C1, C2, C3, C4, C5, C6, C7, C8, C9, C10, C11, C12, C13";"CAPACITOR, European symbol";"";"";"";"";"";"";
"1";"100n";"CAP0805";"0805";"C27";"Capacitor";"";"";"";"";"";"";
"1";"100nF";"CAP0603";"0603";"C30";"Capacitor";"";"";"";"";"";"";
"4";"100nF";"CAP0805";"0805";"C28, C31, C32, C33";"Capacitor";"";"";"";"";"";"";
"1";"100uF 50V";"CAP_POLE";"PANASONIC_E";"C47";"Capacitor Polarized";"";"";"";"";"";"";
"2";"10K";"R-EU_M0805";"M0805";"RK1, RK2";"RESISTOR, European symbol";"";"";"";"";"";"";
"3";"10k";"R-EU_M0805";"M0805";"RK5, RK6, RK7";"RESISTOR, European symbol";"";"";"";"";"";"";
"7";"10k";"R-EU_R0805";"R0805";"R12, RK3, RK4, RK12, RK13, RK14, RK19";"RESISTOR, European symbol";"";"";"";"";"";"";
"7";"10k";"RESISTOR0805";"0805";"R30, R31, R32, R33, R34, R35, R36";"Resistor";"";"";"";"";"";"";
"6";"10u";"C-EUC0805";"C0805";"CU1, CU2, CU3, CU4, CU7, CU8";"CAPACITOR, European symbol";"";"";"";"";"";"";
"1";"10uF";"C-EUC0805";"C0805";"CU9";"CAPACITOR, European symbol";"";"";"";"";"";"";
"1";"12V";"PINHD-1X1";"1X01";"12V";"PIN HEADER";"";"";"";"";"";"";
"1";"1503_09";"1503_09";"1503_09";"X1";"Jack connectors according to JISC 6560, 3.5 mm";"";"";"1243244";"unknown";"";"";
"4";"1K";"R-EU_R0805";"R0805";"R5, R6, R9, R10";"RESISTOR, European symbol";"";"";"";"";"";"";
"1";"1M";"R-EU_R0805";"R0805";"RXT";"RESISTOR, European symbol";"";"";"";"";"";"";
"3";"1N581D1206";"1N581D1206";"LED-1206";"D1, D2, D4";"1.0A SCHOTTKY BARRIER RECTIFIER";"";"";"";"";"";"";
"8";"1k";"R-EU_R0805";"R0805";"R1, R2, R3, R8, R14, RK15, RK16, RK18";"RESISTOR, European symbol";"";"";"";"";"";"";
"2";"1nF";"CAP0805";"0805";"C25, C26";"Capacitor";"";"";"";"";"";"";
"1";"20k";"R-EU_M0805";"M0805";"20K";"RESISTOR, European symbol";"";"";"";"";"";"";
"2";"22";"R-EU_M0805";"M0805";"RUSB1, RUSB2";"RESISTOR, European symbol";"";"";"";"";"";"";
"3";"220n";"CAP0805";"0805";"C29, C34, C35";"Capacitor";"";"";"";"";"";"";
"2";"22pF";"C-EUC0805";"C0805";"CX1, CX2";"CAPACITOR, European symbol";"";"";"";"";"";"";
"1";"3k3";"RESISTOR0805";"0805";"R29";"Resistor";"";"";"";"";"";"";
"2";"4.7k";"R-EU_R0805";"R0805";"RT1, RT2";"RESISTOR, European symbol";"";"";"";"";"";"";
"2";"47K";"RESISTOR0805";"0805";"R25, R27";"Resistor";"";"";"";"";"";"";
"1";"4K7";"RESISTOR0805";"0805";"R37";"Resistor";"";"";"";"";"";"";
"1";"8.2k";"R-EU_M0805";"M0805";"8.2K";"RESISTOR, European symbol";"";"";"";"";"";"";
"1";"8MHz";"XTALNX6035";"NX6035";"X2";"Low cost SMT crystals, no capacitors included";"";"";"";"";"";"";
"1";"<3V th / 10A";"IRF3704S";"D2PACK";"HX1";"SMPS MOSFET";"";"";"";"";"";"";
"1";"ATMEGA32U4";"ATMEGA32U4-AU";"TQFP44";"32U4";"http://www.ladyada.net/library/eagle";"";"";"";"";"";"";
"1";"BLK";"LEDCHIP-LED0805";"CHIP-LED0805";"BKLD";"LED";"";"";"";"";"";"";
"2";"BSP75";"BSP613P";"PG-SOT-223";"Q5, Q6";"SIPMOS (R) Small-Signal-Transistor P-Channel (2 Drain)";"";"";"unknown";"unknown";"";"";
"1";"DRV8811";"DRV8811";"HTSSOP28";"IC4";"";"";"";"";"";"";"";
"1";"DS18B20";"DS18B20SMALL";"MSOP8";"U$2";"";"";"";"";"";"";"";
"1";"FH12-08S-1SH";"FH12-08S-1SH";"FH12-08S-1SH";"X3";"1mm Pitch Connectors For FPC/FFC";"";"";"unknown";"unknown";"";"";
"1";"Flash";"LEDCHIP-LED0805";"CHIP-LED0805";"LDMEM";"LED";"";"";"";"";"";"";
"1";"GND";"PINHD-1X1";"1X01";"GND";"PIN HEADER";"";"";"";"";"";"";
"1";"HX711";"HX711HX711";"SO16";"U1";"";"";"";"";"";"IC-12445";"HX711";
"2";"JACK_DC_BARREL";"JACK_DC_BARREL";"DC_BARREL";"CON1, CON2";"";"";"";"";"";"";"";
"1";"LCD";"LEDCHIP-LED0805";"CHIP-LED0805";"LDSLAVE";"LED";"";"";"";"";"";"";
"1";"MCP1703DB";"MCP1703DB";"SOT223";"IC1";"250 mA, 16V, Low Quiescent Current LDO Regulator";"";"";"";"";"";"";
"1";"MINI-USB";"MINI-USB-SCHIELD-32005-201";"32005-201";"X4";"MINI USB-B Conector";"";"";"unknown";"unknown";"";"";
"1";"MMBT4403";"TRANSISTOR_PNPMMBT4403";"SOT23-3";"BJ1";"Generic PNP BJT";"";"";"";"";"TRANS-09245";"MMBT4403";
"1";"MS0";"SJ";"SJ";"SJ8";"PCB "solder jumper".";"";"";"";"";"";"";
"1";"MS1";"SJ";"SJ";"SJ7";"PCB "solder jumper".";"";"";"";"";"";"";
"5";"RED";"LEDCHIP-LED0805";"CHIP-LED0805";"LDIN, LDOUT, LDPID, LDPW3, LDPW12";"LED";"";"";"";"";"";"";
"2";"RJ12RIGHTANGLE-I2C";"RJ12RIGHTANGLE-I2C";"RJ12-RIGHTANGLE-I2C";"J1, J2";"CORCOM Modular RJ Jacks No Shield";"";"";"";"";"";"";
"1";"RN2483";"RN2483";"RN2483";"U100";"Microchip Low-Power Long Range LoRaTM Technology Transceiver Module";"";"";"";"";"";"RN2483";
"1";"RX";"LEDCHIP-LED0805";"CHIP-LED0805";"RXLD";"LED";"";"";"";"";"";"";
"1";"Rlim";"RESISTOR0805";"0805";"R28";"Resistor";"";"";"";"";"";"";
"1";"SPI";"TINYISPT";"TC2030-MCP-NL";"CON_ISP";"CONNECTOR";"";"";"";"";"";"";
"1";"SST25VF064C";"SST25VF064C";"SOIC_8-LEAD";"U$1";"";"";"";"";"";"";"";
"1";"TX";"LEDCHIP-LED0805";"CHIP-LED0805";"TX";"LED";"";"";"";"";"";"";
